{
  "format": "panda_ik_benchmark_summary",
  "format_version": 2,
  "global": {
    "cumulative_times_s": [
      1.043968806691811,
      2.8019615900171004,
      3.892741766588359
    ],
    "final_path": {
      "segments": [
        {
          "attempt": 68,
          "from": "p0",
          "joint_positions": [
            0.704879013131149,
            -0.2681457414742298,
            -0.6141596442798051,
            -2.840292797634935,
            -0.30036771978872867,
            2.5993783924668454,
            0.10888891603191399
          ],
          "solution_id": "p1_67",
          "solution_index_0based": 66,
          "solution_index_1based": 67,
          "time_s": 1.0500582927588005,
          "to": "p1"
        },
        {
          "attempt": 306,
          "from": "p1",
          "joint_positions": [
            1.8577537016407017,
            -1.7306653396936336,
            -0.08003026201952247,
            -2.90206610888329,
            -0.0857434396186741,
            1.1722143338722466,
            -1.2130988798202083
          ],
          "solution_id": "p2_165",
          "solution_index_0based": 164,
          "solution_index_1based": 165,
          "time_s": 1.7663640082373464,
          "to": "p2"
        },
        {
          "attempt": 11,
          "from": "p2",
          "joint_positions": [
            2.809824079622628,
            -1.5640099145739657,
            -0.7862317243651067,
            -1.9971623490679213,
            -1.1718030570559952,
            0.8757194061863903,
            -0.0475878475615856
          ],
          "solution_id": "p3_10",
          "solution_index_0based": 9,
          "solution_index_1based": 10,
          "time_s": 1.0763194655922121,
          "to": "p3"
        }
      ],
      "total_time_s": 3.892741766588359
    },
    "prefix_paths": [
      {
        "cumulative_time_s": 1.043968806691811,
        "path": [
          {
            "attempt": 71,
            "joint_positions": [
              -0.42614803755807573,
              -0.27412303002149396,
              0.6513546313630143,
              -2.8391293625066814,
              0.3218141347551463,
              2.5960347937745034,
              -0.32888916782391237
            ],
            "point": "p1",
            "solution_id": "p1_70",
            "solution_index_0based": 69,
            "solution_index_1based": 70
          }
        ],
        "segment_times_s": [
          1.043968806691811
        ],
        "to": "p1"
      },
      {
        "cumulative_time_s": 2.8019615900171004,
        "path": [
          {
            "attempt": 71,
            "joint_positions": [
              -0.42614803755807573,
              -0.27412303002149396,
              0.6513546313630143,
              -2.8391293625066814,
              0.3218141347551463,
              2.5960347937745034,
              -0.32888916782391237
            ],
            "point": "p1",
            "solution_id": "p1_70",
            "solution_index_0based": 69,
            "solution_index_1based": 70
          },
          {
            "attempt": 292,
            "joint_positions": [
              1.5160237899884696,
              -1.7224477710351638,
              0.02748853860916554,
              -2.9043113170461092,
              0.029365922012684394,
              1.1819583884093894,
              -2.253650747310376
            ],
            "point": "p2",
            "solution_id": "p2_157",
            "solution_index_0based": 156,
            "solution_index_1based": 157
          }
        ],
        "segment_times_s": [
          1.043968806691811,
          1.7579927833252895
        ],
        "to": "p2"
      },
      {
        "cumulative_time_s": 3.892741766588359,
        "path": [
          {
            "attempt": 68,
            "joint_positions": [
              0.704879013131149,
              -0.2681457414742298,
              -0.6141596442798051,
              -2.840292797634935,
              -0.30036771978872867,
              2.5993783924668454,
              0.10888891603191399
            ],
            "point": "p1",
            "solution_id": "p1_67",
            "solution_index_0based": 66,
            "solution_index_1based": 67
          },
          {
            "attempt": 306,
            "joint_positions": [
              1.8577537016407017,
              -1.7306653396936336,
              -0.08003026201952247,
              -2.90206610888329,
              -0.0857434396186741,
              1.1722143338722466,
              -1.2130988798202083
            ],
            "point": "p2",
            "solution_id": "p2_165",
            "solution_index_0based": 164,
            "solution_index_1based": 165
          },
          {
            "attempt": 11,
            "joint_positions": [
              2.809824079622628,
              -1.5640099145739657,
              -0.7862317243651067,
              -1.9971623490679213,
              -1.1718030570559952,
              0.8757194061863903,
              -0.0475878475615856
            ],
            "point": "p3",
            "solution_id": "p3_10",
            "solution_index_0based": 9,
            "solution_index_1based": 10
          }
        ],
        "segment_times_s": [
          1.0500582927588005,
          1.7663640082373464,
          1.0763194655922121
        ],
        "to": "p3"
      }
    ]
  },
  "greedy": {
    "cumulative_times_s": [
      1.043968806691811,
      2.8019615900171004,
      4.073673647081846
    ],
    "segment_times_s": [
      1.043968806691811,
      1.7579927833252895,
      1.2717120570647458
    ],
    "steps": [
      {
        "cumulative_time_s": 1.043968806691811,
        "point": "p1",
        "segment_time_s": 1.043968806691811,
        "solution": {
          "attempt": 71,
          "joint_positions": [
            -0.42614803755807573,
            -0.27412303002149396,
            0.6513546313630143,
            -2.8391293625066814,
            0.3218141347551463,
            2.5960347937745034,
            -0.32888916782391237
          ],
          "solution_id": "p1_70",
          "solution_index_0based": 69,
          "solution_index_1based": 70
        }
      },
      {
        "cumulative_time_s": 2.8019615900171004,
        "point": "p2",
        "segment_time_s": 1.7579927833252895,
        "solution": {
          "attempt": 292,
          "joint_positions": [
            1.5160237899884696,
            -1.7224477710351638,
            0.02748853860916554,
            -2.9043113170461092,
            0.029365922012684394,
            1.1819583884093894,
            -2.253650747310376
          ],
          "solution_id": "p2_157",
          "solution_index_0based": 156,
          "solution_index_1based": 157
        }
      },
      {
        "cumulative_time_s": 4.073673647081846,
        "point": "p3",
        "segment_time_s": 1.2717120570647458,
        "solution": {
          "attempt": 19,
          "joint_positions": [
            2.310379048310075,
            -0.9869439799015762,
            -0.9649634643546627,
            -2.0698071725158327,
            -0.7671243035885584,
            1.4168117793247132,
            -0.370580212846507
          ],
          "solution_id": "p3_17",
          "solution_index_0based": 16,
          "solution_index_1based": 17
        }
      }
    ]
  },
  "ik_files": {
    "p1": "p1.json",
    "p2": "p2.json",
    "p3": "p3.json"
  },
  "ik_sampling_meta": {
    "p1": {
      "accepted_with_shortfall": false,
      "attempts_total": 204,
      "elapsed_total_s": 0.31246042251586914,
      "found": 200,
      "group": "panda_arm",
      "ik_successes_total": 204,
      "ik_timeout_s": 0.1,
      "named_start_for_seeding": "ready",
      "nullspace_jitter": 0.02,
      "nullspace_step": 0.2,
      "num_spaces": 10,
      "pass_metas": [
        {
          "attempts": 204,
          "elapsed_s": 0.3119990825653076,
          "found": 200,